"entry_id","sort_order","filename"
"1","1","maracaibo-1968-2.jpg"
"2","1","DSC05467.jpg"
"3","1","Lansdell-2.jpg"
"4","1","DSC05567.jpg"
"5","1","DSC05507.jpg"
"6","1","District-lot-9.jpg"
"8","1","Garrow-rep-2.jpg"
"9","1","Bryan-Williams.jpg"
"10","1","DSC05615.jpg"
"11","1","A-Frame-Cottages-Newly-built-1965.jpg"
"12","1","DSC05566.jpg"
"14","1","Dock-1977.jpg"
"15","1","DSC05622.jpg"
"16","1","DSC05617.jpg"
"17","1","DSC05556.jpg"
"18","1","DSC05499.jpg"
"19","1","Quentin-Brown.jpg"
"22","1","DSC03524.jpg"
"24","1","Russell-Family-2.jpg"
"27","1","Islands-Trust.jpg"
"28","1","Migs-Grayscale-04-2.jpg"
"29","1","IMG_4750.jpg"
"30","1","DSC05557.jpg"
"31","1","DSC05501.jpg"
"32","1","Meadows-2.jpg"
"34","1","DSC05562.jpg"
"35","1","DSC05616.jpg"
"36","1","Workshop1.jpg"
"37","1","Carefree.jpg"
"38","1","Map-Lot-8-Phase-1-2.jpg"
"39","1","DSC05612.jpg"
"40","1","Olympics-1976.jpg"
"41","1","Lasers.jpg"
"42","1","Development-Proposal.jpg"
"43","1","Pickleball.jpg"
"44","1","Clamshell.jpg"
"45","1","DSC05620.jpg"
"47","1","Clamshell-77.jpg"
"48","1","Trench-rotated.jpg"
"49","1","Patio-collapse--scaled.jpg"
"50","1","Bob-Hassell.jpg"
"51","1","201010308ed-2-2-scaled.jpg"
"52","1","DSC05505.jpg"
"53","1","IMG_0258-scaled.jpg"
"54","1","Golden-Mantle-Oyster.jpg"
"55","1","Jenny-Wren-scaled.jpg"
"56","1","Road-clearing-Lot-8.jpg"
"57","1","Main-House-hall.jpg"
"58","1","Howard-Martin-scaled.jpg"
"61","1","Ford-Truck.jpg"
"66","1","IMG_0242.jpg"
"68","1","Sorting-oyster-spat-scaled.jpg"
"69","1","IMG_023830744.jpg"
"70","1","Farry-2-2.jpg"
"73","1","IMG_0219.jpg"
"74","1","IMG_0236.jpg"
"75","1","Tractor-scaled.jpg"
"76","1","Well-drilling-scaled.jpg"
"77","1","IMG_0242.jpg"
"78","1","IMG_0258-scaled.jpg"
"79","1","John-Price-2.jpg"
"80","1","IMG_0334-scaled.jpg"
"81","1","IMG_023730743.jpg"
"82","1","Case-480C-Backhoe.jpg"
"84","1","EOCP.jpg"
"85","1","IMG_0326-scaled.jpg"
"87","1","IMG_0344.jpg"
"88","1","IMG_6397-2.jpg"
"90","1","DSC05606-scaled.jpg"
"91","1","DSC00265-2.jpg"
"94","1","IMG_0383.jpg"
"97","1","IMG_0259-scaled.jpg"
"98","1","IMG_0261-scaled.jpg"
"99","1","IMG_0442.jpg"
"101","1","DSC05611-scaled.jpg"
"102","1","Water-Tower.jpg"
"103","1","IMG_0331-scaled.jpg"
"104","1","Flooding-scaled.jpg"
"106","1","Nose-Point-YC-Burgee.jpg"
"107","1","cottage-interior-clamshell.jpg"
"108","1","IMG_0338-scaled.jpg"
"111","1","IMG_0330-scaled.jpg"
"114","1","IMG_0815-scaled.jpg"
"115","1","webCA04BEZ5-2.jpg"
"116","1","IMG_0332-scaled.jpg"
"117","1","IMG_0333-scaled.jpg"
"118","1","IMG_0340.jpg"
"120","1","IMG_0730-COLLAGE-1-scaled.jpg"
"121","1","IMG_0335-scaled.jpg"
"123","1","DSC08368-2.jpg"
"126","1","A-frame-Interior.jpg"
"127","1","IMG_0336.jpg"
"128","1","DSC00146-2.jpg"
"129","1","IMG_0379.jpg"
"130","1","Expo86.jpg"
"133","1","DSC03992-2.jpg"
"134","1","IMG_038241760-scaled.jpg"
"135","1","Arbutus1-COLLAGE-scaled.jpg"
"136","1","Arbutus1-COLLAGE-scaled.jpg"
"138","1","Tennis-2009-2.jpg"
"139","1","IMG_0384.jpg"
"140","1","0820101171-2.jpg"
"143","1","IMG_0563-2-COLLAGE.jpg"
"144","1","DSC05023.jpg"
"145","1","DSC07255-COLLAGE.jpg"
"146","1","DSC09837.jpg"
"147","1","IMG_0396.jpg"
"148","1","IMG_0458-scaled.jpg"
"149","1","DSC07099-2.jpg"
"154","1","DSC05604.jpg"
"155","1","DSC01420-2.jpg"
"156","1","IMG_0441.jpg"
"157","1","DSC08971-2-1-scaled-e1585094557185.jpg"
"163","1","Phase-II-prices-scaled.jpg"
"165","1","IMG_0443-COLLAGE-scaled.jpg"
"167","1","DSC07343-2-scaled.jpg"
"168","1","Phase-II-Road-scaled.jpg"
"171","1","IMG_0518-2-COLLAGE-scaled.jpg"
"172","1","201010288ed-2-scaled.jpg"
"174","1","IMG_0517.jpg"
"175","1","220px-Satellite_dish_1_C-Band.jpg"
"176","1","DSC03743-2.jpg"
"177","1","whales2-2.jpg"
"178","1","990211-001-2.jpg"
"180","1","DSC08742-2-scaled.jpg"
"181","1","DSC05584-scaled.jpg"
"182","1","DSC00334-2-scaled.jpg"
"187","1","IMG_0532-scaled.jpg"
"188","1","Gazebo-scaled.jpg"
"189","1","IMG_0533-scaled.jpg"
"190","1","DSC07890-2.jpg"
"191","1","Golf-Tournament-2010-2.jpg"
"192","1","DSC00982-2-scaled.jpg"
"193","1","DSC04244-2-scaled.jpg"
"194","1","th.jpg"
"195","1","Maracaibo-trails.jpg"
"196","1","DSC01420-2-1.jpg"
"197","1","Mr.-Howard-Martin1-1200x48-3.jpg"
"198","1","IMG_0534-scaled.jpg"
"199","1","2018-10-13_20_24_10_jerry_ringrose.jpg"
"200","1","DSC08971-2-1-scaled-e1585094557185.jpg"
"201","1","IMG_0535-COLLAGE.jpg"
"202","1","DSC00015-2-COLLAGE.jpg"
"205","1","il_794xN.1790114938_5l90.jpg"
"206","1","Workshop-scaled.jpg"
"209","1","IMG_0729-scaled.jpg"
"210","1","IMG_0597-scaled.jpg"
"211","1","IMG_0540-COLLAGE-1-scaled.jpg"
"213","1","IMG_0544-COLLAGE-scaled.jpg"
"215","1","OIP_2.jpg"
"217","1","OIP_2.jpg"
"218","1","DSC08292-2-scaled.jpg"
"220","1","IMG_0539-scaled.jpg"
"222","1","IMG_0559.jpg"
"223","1","IMG_0556-scaled.jpg"
"224","1","Post-Boxes.jpg"
"225","1","Pickering-3-2.jpg"
"226","1","DSC06476-2-scaled.jpg"
"227","1","IMG_0568-2.jpg"
"228","1","DSC01422-2.jpg"
"232","1","IMG_0735-scaled.jpg"
"233","1","Logging-94-COLLAGE-scaled.jpg"
"234","1","IMG_0569-scaled.jpg"
"236","1","IMG_0572-scaled.jpg"
"238","1","Maracaibo-Logo-name-2.jpg"
"239","1","DSC00007-2.jpg"
"240","1","Scan_20170606-2-scaled.jpg"
"241","1","IMG_0573.jpg"
"245","1","IMG_0596-scaled.jpg"
"246","1","IMG_0583-COLLAGE-scaled.jpg"
"249","1","IMG_0570-COLLAGE.jpg"
"250","1","DSC05517.jpg"
"251","1","IMG_057544501-2-scaled.jpg"
"252","1","IMG_0594-scaled.jpg"
"253","1","IMG_0577-2-COLLAGE-scaled.jpg"
"254","1","IMG_0578-2-COLLAGE-scaled.jpg"
"255","1","IMG_0591-scaled.jpg"
"256","1","072010157-2-scaled.jpg"
"257","1","IMG_0582-2-scaled.jpg"
"258","1","Directors-skit-COLLAGE-scaled.jpg"
"259","1","IMG_0592-scaled.jpg"
"260","1","Pavilion-scaled.jpg"
"261","1","Computer-2.jpg"
"263","1","Boatyard-scaled.jpg"
"265","1","Storage-Sheds-scaled.jpg"
"266","1","Members-Lounge-plan-scaled.jpg"
"268","1","IMG_0656-scaled.jpg"
"270","1","Members-lounge-96-scaled.jpg"
"271","1","IMG_0740-scaled.jpg"
"272","1","Olympics-96-scaled.jpg"
"273","1","IMG_0663-scaled.jpg"
"274","1","Bouy-and-Anchor-scaled.jpg"
"275","1","DSC05576-scaled.jpg"
"276","1","Caviar.jpg"
"280","1","IMG_0670-scaled.jpg"
"281","1","IMG_0667-COLLAGE-scaled.jpg"
"282","1","IMG_0665-COLLAGE-scaled.jpg"
"284","1","IMG_0673.jpg"
"287","1","IMG_0676-scaled.jpg"
"288","1","Fire-Practice-017-2-scaled.jpg"
"289","1","DSC05580-scaled.jpg"
"291","1","IMG_068250290-COLLAGE-scaled.jpg"
"297","1","IMG_0675-scaled.jpg"
"298","1","DSC06433-2-scaled.jpg"
"299","1","IMG_0674-scaled.jpg"
"300","1","IMG_0677-scaled.jpg"
"301","1","IMG_0678-scaled.jpg"
"302","1","OIP_1.jpg"
"303","1","IMG_0718-scaled.jpg"
"304","1","IMG_0719-COLLAGE-1-scaled.jpg"
"305","1","DSC08380-2-COLLAGE-scaled.jpg"
"306","1","IMG_0685-COLLAGE-1-scaled.jpg"
"308","1","Magic-of-Maracaibo-2.jpg"
"309","1","IMG_0698-COLLAGE-1-scaled.jpg"
"310","1","IMG_072750430-scaled.jpg"
"312","1","980323-001-2.jpg"
"313","1","IMG_0722-COLLAGE-1.jpg"
"315","1","IMG_0721-COLLAGE-1-scaled.jpg"
"317","1","DSC06425-2-scaled.jpg"
"318","1","082010069-2-COLLAGE-1-scaled.jpg"
"319","1","Canada-Day-99-1-2-COLLAGE-1.jpg"
"322","1","IMG_0736-scaled.jpg"
"324","1","images-2.jpg"
"325","1","IMG_0734.jpg"
"326","1","Clays-2001-2.jpg"
"328","1","990524-005-2.jpg"
"329","1","Geese-scaled.jpg"
"330","1","Olympics2000.jpg"
"331","1","Linda-Tremblay-2.jpg"
"333","1","Scan_Pic0001-2.jpg"
"334","1","IMG_E2084.jpg"
"335","1","IMG_088451065-scaled.jpg"
"337","1","titlez.jpg"
"338","1","LOT-8-to-be-thinned-1-7-2-scaled.jpg"
"340","1","Cottages-COLLAGE.jpg"
"342","1","DSC00340-2.jpg"
"343","1","IMG_1053-scaled.jpg"
"344","1","Core-Area-powerlines-COLLAGE.jpg"
"345","1","Lagoon-Cleanup-COLLAGE.jpg"
"346","1","Looging-lot-8-COLLAGE.jpg"
"347","1","DSC06178-scaled.jpg"
"349","1","Logging-Core-COLLAGE.jpg"
"350","1","IMG_1088-COLLAGE.jpg"
"351","1","IMG_1091-COLLAGE.jpg"
"352","1","DSC06179-2-scaled.jpg"
"353","1","round-Prevost-2001COLLAGE.jpg"
"354","1","OIP.jpg"
"355","1","IMG_1105-scaled.jpg"
"356","1","IMG_1104-scaled.jpg"
"358","1","OIP-2.jpg"
"360","1","DSC04902-2-scaled.jpg"
"361","1","ridge.jpg"
"362","1","download.jpg"
"363","1","Arranging_Sorted_Descending.jpg"
"364","1","Fire-Equipment-COLLAGE.jpg"
"367","1","Scan_Pic0001-2-1-scaled.jpg"
"368","1","Harry-Potter.jpg"
"369","1","waterconservation.jpg"
"370","1","dT4o698ac.jpg"
"371","1","8392.jpg"
"372","1","Round-Prevost-2002.jpg"
"375","1","DSC08109-2-scaled.jpg"
"376","1","heres-how-i-can-tell-if-someone-read-my-email-2-7107-1468000476-0_dblbig.jpg"
"377","1","Cluster-Housing-Options.jpg"
"378","1","IMG_1225-scaled.jpg"
"380","1","Pioneer-OlympicsCOLLAGE.jpg"
"381","1","Cassandra-Miller.jpg"
"382","1","Valdy-COLLAGE.jpg"
"383","1","Golf-Club.jpg"
"384","1","Fire-Risk.jpg"
"385","1","DSC07099-2.jpg"
"386","1","DSC06426-2-scaled.jpg"
"387","1","Snow-ploughing-COLLAGE.jpg"
"388","1","High-speed-internet_493883695.jpg"
"389","1","19-512.png"
"391","1","OIP-1.jpg"
"392","1","DSC09784-2-scaled.jpg"
"393","1","FireSmart-COLLAGE.jpg"
"395","1","Fire-Practice-023-2-scaled.jpg"
"396","1","HPIM0894-2.jpg"
"397","1","Zorba-the-greek-09-2-COLLAGE.jpg"
"398","1","firesmart-snippet.jpg"
"399","1","DSC01425-2-COLLAGE.jpg"
"401","1","DSC02550-2-scaled-1-scaled.jpg"
"402","1","DSC00044-2-COLLAGE.jpg"
"403","1","DSC00010-2-2.jpg"
"404","1","Team-Maracaibo.jpg"
"405","1","111-1111_IMG-2-COLLAGE.jpg"
"406","1","Matini.jpg"
"407","1","DSC00029-2.jpg"
"408","1","IMG_2343-scaled.jpg"
"409","1","HPIM0030-2-scaled.jpg"
"410","1","HPIM0046-2-scaled.jpg"
"411","1","DSC02551-2-scaled.jpg"
"412","1","Core-Area-powerlines.jpg"
"414","1","HPIM0177-2-scaled.jpg"
"415","1","PG-f-2.jpg"
"416","1","Lansdell-2.jpg"
"418","1","Chapman-Doug-2.jpg"
"420","1","Speed-Minder.jpg"
"421","1","Firesmart.jpg"
"423","1","Botanist-scaled.jpg"
"425","1","Galiano-Forest-Fire.jpg"
"426","1","th.jpg"
"427","1","Narnia.jpg"
"428","1","Martini-2.jpg"
"429","1","Shari-Ulrich.jpg"
"430","1","Tennis-COLLAGE.jpg"
"431","1","Air-Photo-2-scaled.jpg"
"433","1","HPIM1181-2-scaled.jpg"
"434","1","HPIM1252-2-scaled.jpg"
"435","1","DSC00093-2-scaled.jpg"
"436","1","HPIM1308-2.jpg"
"437","1","DSC00324-2-scaled.jpg"
"439","1","Picture1.jpg"
"440","1","1923-2.jpg"
"441","1","DSC01002-2-scaled.jpg"
"443","1","DSC01430-2-COLLAGE.jpg"
"445","1","Broom-2007-COLLAGE.jpg"
"446","1","2007-COLLAGE.jpg"
"448","1","Coffee.jpg"
"449","1","Bullock-Lake.jpg"
"450","1","DSC02443-2-scaled.jpg"
"451","1","Circus-COLLAGE.jpg"
"452","1","Creativity2007COLLAGE.jpg"
"453","1","Steak.jpg"
"454","1","Hydro-COLLAGE.jpg"
"455","1","Easter-2008COLLAGE.jpg"
"456","1","Picture1-1.jpg"
"457","1","DSC07938-2-COLLAGE.jpg"
"458","1","Tennis.jpg"
"459","1","DSC08288-2-scaled.jpg"
"460","1","Speeding.jpg"
"461","1","2008-COLLAGE.jpg"
"462","1","Coffee-2008COLLAGE.jpg"
"463","1","collage1-2.jpg"
"464","1","Lot-8.jpg"
"465","1","Drilling.jpg"
"467","1","Gift-Cert-scaled.jpg"
"468","1","Recession.jpg"
"469","1","Hydro1.jpg"
"470","1","Hockey-COLLAGE.jpg"
"471","1","Lot-8-COLLAGE.jpg"
"472","1","Easter-2009-COLLAGE.jpg"
"473","1","Tennis-2009-2.jpg"
"474","1","Vogels-2-2.jpg"
"475","1","Canda-Day-2009-COLLAGE.jpg"
"476","1","Golf-2009.jpg"
"478","1","DSC07953-2-scaled.jpg"
"479","1","Olympics-2009-COLLAGE.jpg"
"480","1","rain.jpg"
"482","1","Peter-Fleck.jpg"
"483","1","sinking-boat-2.jpg"
"484","1","DSC06164-Copy-2-scaled.jpg"
"487","1","Tennis-2010.jpg"
"488","1","DSC08013-2-scaled.jpg"
"489","1","Mushrooms.jpg"
"490","1","DSC06335-2-COLLAGE.jpg"
"491","1","Broom-Pull-Volunteer-Wine-and-Cheese-June-30-2010-019-2.jpg"
"492","1","Picture3.jpg"
"493","1","Coffee-Acuros-Pickering-COLLAGE.jpg"
"494","1","072010108-2-scaled.jpg"
"495","1","DSC06568-2.jpg"
"496","1","Golf-1.jpg"
"498","1","Archaelogical.jpg"
"499","1","HOL-site-plan.jpg"
"500","1","maracaiboLogo-new.jpg"
"501","1","Picture2.jpg"
"502","1","Easter-2011-COLLAGE.jpg"
"503","1","DSC08406-2.jpg"
"504","1","DSC06352-Copy-2.jpg"
"505","1","broom-scaled.jpg"
"506","1","Pancake-Breakfast.jpg"
"507","1","Amaryllis-COLLAGE.jpg"
"508","1","Olympics-2011-COLLAGE.jpg"
"509","1","Room-At-The-Dock-scaled.jpg"
"510","1","Audrey-Williams-2.jpg"
"511","1","Fire-Practice2011COLLAGE.jpg"
"512","1","Golf-2.jpg"
"513","1","2012-Olympics.jpg"
"514","1","Oliver-COLLAGE.jpg"
"515","1","Million-scaled-1-scaled.jpg"
"516","1","HOL-Elevations-Section-Plans-2-2.jpg"
"518","1","DSC06987-2-scaled-1-scaled.jpg"
"519","1","HOL-Elevations-Section-Plans-2-scaled.jpg"
"520","1","arsenic_540.jpg"
"521","1","Calendar.jpg"
"522","1","Storms-scaled.jpg"
"523","1","main-house-demolition.jpg"
"524","1","Easter-2012-Copy-2-scaled.jpg"
"525","1","Pete-and-Victoria-.jpg"
"526","1","Wiggan-2004-2.jpg"
"527","1","Round-SSI-COLLAGE.jpg"
"528","1","Office.jpg"
"529","1","DSC06331-2-scaled.jpg"
"530","1","Pancakes-2012-COLLAGE.jpg"
"531","1","Main-House-Archaelogical-scaled.jpg"
"532","1","HOL-Foundations-COLLAGE.jpg"
"533","1","London-2012-COLLAGE.jpg"
"534","1","Golf-2012.jpg"
"535","1","Potluck.jpg"
"536","1","Foundations-COLLAGE.jpg"
"538","1","DSC00500-2-scaled.jpg"
"539","1","DSC00516-2-scaled.jpg"
"540","1","DSC00512-2.jpg"
"541","1","Changing-Guard.jpg"
"542","1","Budgets.jpg"
"543","1","HOL-Progress-2.jpg"
"544","1","Charles-Sally-2-scaled.jpg"
"545","1","IMGP0312-2048x1152.jpg"
"546","1","HOL-progress-2048x2048.jpg"
"547","1","Easter-2048x2048.jpg"
"548","1","Canada-Day-2013-1.jpg"
"549","1","HOL-Furnishings-2048x2048.jpg"
"550","1","Anno.jpg"
"551","1","2013-summer-additions-2048x2048.jpg"
"552","1","HOL-opening-2048x2048.jpg"
"553","1","Olympics-2013-2048x2048.jpg"
"554","1","bazzard-retirment-2048x2048.jpg"
"555","1","golf.jpg"
"556","1","corn-and-ribs-dinner.jpg"
"557","1","HOL-garden-rotated.jpg"
"559","1","Proposed-cottage-development-2014.png"
"560","1","DSCF4403.jpeg"
"561","1","Emergency-preparedness-scenario-1583x2048.jpg"
"562","1","SUP9.jpg"
"563","1","yoga-in-the-meadow.jpg"
"564","1","richard-and-Carolyn-Dymonds-daughter-sailing-1536x2048.jpg"
"565","1","IMG_0125-2048x1364.jpg"
"566","1","Olympics-collage-1-1583x2048.jpg"
"566","2","Olympics-collage-2-1583x2048.jpg"
"567","1","golf-2014-winners.png"
"568","1","Subdivision-ballet-2014.png"
"569","1","rock-4-Copy.jpg"
"570","1","DSC_0009-2048x1371.jpg"
"570","2","DSC_0012-Copy-2048x1371.jpg"
"571","1","alan-and-claire-retirement-scaled.jpg"
"572","1","Cottage-lot-layout.png"
"572","2","timing-of-development.png"
"573","1","cottage-lot-draw.jpg"
"573","2","cottage-concept.jpg"
"573","3","example-layout-plan.jpg"
"574","1","gazebo-roof-3.jpg"
"575","1","pancake-breakfast-team.jpg"
"576","1","pizza-oven-wine-bottles-rotated.jpg"
"576","2","pizza-oven-with-WIlly-and-legs.jpg"
"576","3","pizza-2.jpg"
"577","1","2nd-generations-kids.jpg"
"577","2","balloon-toss-2.jpg"
"577","3","Babecue-Boys-2015.jpg"
"577","4","Maracaibo-Olympics-2015-51-of-86.jpg"
"577","5","crafts-in-barn.jpg"
"577","6","float-and-team-sign.jpg"
"578","1","IMG_2178-2048x1364.jpg"
"579","1","IMG_2246.jpg"
"579","2","Dogwood-Cottage-2048x1348.jpg"
"579","3","dogwood-inside-1-2048x1365.jpg"
"580","1","IMG_2214-1-2048x1364.jpg"
"580","2","cottage-lot-septic-2-1-rotated.jpeg"
"580","3","cottage-lots-septic-1-rotated.jpeg"
"580","4","cottage-lot-development-new-road.jpg"
"581","1","carolling-2015-3.jpg"
"581","2","carolling-2015.jpg"
"582","1","IMG_2131.jpg"
"582","2","IMG_2132.jpg"
"584","1","IMG_6479.jpg"
"585","1","dogwood-12-scaled.jpg"
"585","2","dogwood-outside-3-scaled.jpg"
"585","3","IMG_3070.jpg"
"586","1","IMG_3082.jpg"
"586","2","IMG_3083.jpg"
"586","3","IMG_3090.jpg"
"587","1","Website-update.png"
"588","1","IMG_6080.jpg"
"590","1","pizza-oven-fire.jpg"
"591","1","bazzard-silly-stretching-8.jpg"
"591","2","Dymond-4.jpg"
"591","3","Dymond-6.jpg"
"591","4","Dymond-10.jpg"
"591","5","WILLIAMS-3.jpg"
"592","1","golf.png"
"593","1","summer-swimmers.jpg"
"594","1","Front-of-New-trail-map.png"
"594","2","Maracaibo-trail-map-back.png"
"595","1","Maracaibo-caroling-scaled.jpg"
"596","1","maracaibo-HOL-in-the-snow.jpg"
"597","1","IMG_4908.jpg"
"597","2","IMG_4903.jpg"
"598","1","One-Call-now.png"
"600","1","IMG_0008.jpg"
"600","2","IMG_0009.jpg"
"601","1","evacuation-scenario-1-rotated.jpg"
"601","2","evacuation-scenario-3-rotated.jpg"
"602","1","DSC00040-scaled.jpg"
"602","2","DSC00173-scaled.jpg"
"602","3","DSC00224-scaled.jpg"
"602","4","IMG_0254-rotated.jpg"
"602","5","IMG_0320.jpg"
"602","6","DSC00127-scaled.jpg"
"602","7","IMG_55621-scaled.jpg"
"602","8","IMG_57341-scaled.jpg"
"602","9","IMG_57591.jpg"
"603","1","P1040094-scaled.jpg"
"603","2","P1040107-scaled.jpg"
"603","3","P1040109-scaled.jpg"
"604","1","end-of-summer-2-2017-scaled.jpg"
"604","2","end-of-summer-6-2017-scaled.jpg"
"605","1","IMG_3763-scaled.jpg"
"605","2","silent-auction-flower-arranging.jpg"
"606","1","front-entrance-repair.jpg"
"606","2","IMG_0633-rotated.jpg"
"608","1","IMG_0984-scaled.jpg"
"608","2","IMG_0990-rotated.jpg"
"608","3","IMG_0993-rotated.jpg"
"609","1","IMG_1245.jpg"
"611","1","IMG_2160-rotated.jpg"
"611","2","IMG_2155-rotated.jpg"
"611","3","IMG_2172.jpg"
"611","4","IMG_2225-rotated.jpg"
"611","5","IMG_2196-1-rotated.jpg"
"611","6","IMG_2212-rotated.jpg"
"612","1","Audrey-and-Bob-1.jpg"
"612","2","Group-dining-picture.jpg"
"612","3","Registration-table-1.jpg"
"613","1","IMG_2379.jpg"
"614","1","IMG_3026.jpg"
"614","2","Williams-Driveway-Dec-25.jpg"
"614","3","Nosepoint-Rd-1000-block-Dec-21.jpg"
"614","4","Clearing-crew-Dec-21.jpg"
"614","5","Nosepoint-1200-Block-Dec-21-Clearing-crew.jpg"
"614","6","Indian-Well-Dec-25-2-Copy.jpg"
"614","7","IMG_3675.jpg"
"614","8","IMG_3035.jpg"
"614","9","baker-trees-Copy-Copy.jpg"
"614","10","Clean-up-Dec-27-1.jpg"
"616","1","IMG_4590.jpg"
"616","2","IMG_4593.jpg"
"616","3","IMG_4600-rotated.jpg"
"616","4","IMG_4588.jpg"
"617","1","large-water-containment-tank-lot-3-rotated.jpg"
"618","1","IMG_5812-rotated.jpg"
"618","2","IMG_5824-rotated.jpg"
"619","1","DSC04448-scaled.jpg"
"619","2","DSC04481-scaled.jpg"
"619","3","DSC04552-scaled.jpg"
"619","4","DSC04586-scaled.jpg"
"619","5","DSC04653-scaled.jpg"
"619","6","DSC04678-scaled.jpg"
"619","7","DSC04697-scaled.jpg"
"619","8","DSC04708-scaled.jpg"
"619","9","DSC04717-scaled.jpg"
"619","10","IMG_5608-rotated.jpg"
"619","11","IMG_5615-rotated.jpg"
"619","12","IMG_5650-rotated.jpg"
"620","1","DSC00016.jpg"
"621","1","Bob-quart-and-award.jpg"
"621","2","Chris-Joan-Micheal-and-Edward.jpg"
"621","3","Chris-Linda-Paul-and-Elizabeth-with-award.jpg"
"622","1","dock-party.png"
"623","1","hydro-lines-to-laundry-room-rotated.jpg"
"623","2","IMG_4551-1-rotated.jpg"
"624","1","maracaibo-50-logo-winner.png"
"625","1","olympic-swag.jpeg"
"627","1","IMG_5411-rotated.jpeg"
"627","2","Pete-the-Machine-2048x1356.jpg"
"628","1","Richard-and-Alan-scaled.jpg"
"628","2","Original-Well.jpg"
"628","3","Bench-and-Well-002-scaled.jpg"
"629","1","IMG_7273-rotated.jpg"
"629","2","IMG_8206-rotated.jpg"
"629","3","IMG_2579.jpg"
"630","1","Electrical-on-dock-rotated.jpg"
"630","2","IMG_7356-rotated.jpg"
"633","1","IMG_0094-1-rotated.jpg"
"633","2","goodys-barn.jpeg"
"634","1","IMG_0251-rotated.jpg"
"636","1","IMG_9037-1-scaled.jpeg"
"637","1","hole-invite.jpg"
"638","1","IMG_2940-rotated.jpg"
"638","2","IMG_2937-rotated.jpg"
"639","1","Jazz-Police-2-scaled.jpg"
"639","2","20210713_163230-scaled.jpg"
"640","1","IMG_0907-rotated.jpg"
"641","1","IMG_2470-1-rotated.jpg"
"641","2","IMG_2472-rotated.jpg"
"642","1","Sarah-and-James-owl-box.png"
"642","2","owl-scaled.jpg"
"643","1","Indian-well-in-full-flood.jpg"
"643","2","IMG_8505-rotated.jpg"
"644","1","IMG_8477-rotated.jpg"
"644","2","IMG_8479-rotated.jpg"
"645","1","IMG_0715-1-rotated.jpg"
"645","2","IMG_1211-1.jpg"
"645","3","IMG_1374.jpg"
"646","1","IMG_3126-rotated.jpg"
"646","2","IMG_3100-rotated.jpg"
"647","1","DSC04409-scaled.jpeg"
"647","2","DSC04323-scaled.jpeg"
"648","1","land-stewardship-signing-2048x1356.jpg"
"649","1","new-tennis-court-rotated.jpg"
"650","1","DSC09571-scaled.jpg"
"650","2","DSC09393-scaled.jpg"
"650","3","DSC09704-scaled.jpg"
"650","4","DSC09350-scaled.jpg"
"650","5","DSC09811.jpg"
"650","6","DSC09837-scaled.jpg"
"650","7","DSC09838-scaled.jpg"
"651","1","golf-winning-team.jpg"
"652","1","king-tide-pic-floating-bench.jpg"
"652","2","king-tide-pic-parking-lot.jpg"
"654","1","DSC01311.jpg"
"654","2","ADL_0316-scaled.jpg"
"654","3","DSC01445-scaled.jpg"
"654","4","DSC01424-scaled.jpg"
"654","5","DSC01385-scaled.jpg"
"654","6","ADL_0946-scaled.jpg"
"654","7","ADL_0456.jpg"
"654","8","ADL_03971-scaled.jpg"
"654","9","ADL_0007-scaled.jpg"
"655","1","ADL_0006-scaled.jpg"
"655","2","ADL_0432-scaled.jpg"
